model_type,id,precision_macro,precision_micro,precision_weighted,recall_macro,recall_micro,recall_weighted,accuracy,balanced_accuracy,f1_macro,f1_micro,f1_weighted,fbeta_2_macro,fbeta_3_macro,fbeta_4_macro,fbeta_2_micro,fbeta_3_micro,fbeta_4_micro,fbeta_2_weighted,fbeta_3_weighted,fbeta_4_weighted,roc_auc_macro,roc_auc_micro,roc_auc_weighted
RandomForest,RF-1-1,,,,,,,,,,,,,,,,,,,,,,,
RandomForest,RF-2-1,,,,,,,,,,,,,,,,,,,,,,,
RandomForest,RF-3-1,,,,,,,,,,,,,,,,,,,,,,,
RandomForest,RF-4-1,,,,,,,,,,,,,,,,,,,,,,,
RandomForest,RF-5-1,,,,,,,,,,,,,,,,,,,,,,,
RandomForest,RF-6-1,,,,,,,,,,,,,,,,,,,,,,,
RandomForest,RF-7-1,,,,,,,,,,,,,,,,,,,,,,,
RandomForest,RF-8-1,,,,,,,,,,,,,,,,,,,,,,,
RandomForest,RF-9-1,,,,,,,,,,,,,,,,,,,,,,,
RandomForest,RF-10-1,,,,,,,,,,,,,,,,,,,,,,,
RandomForest,RF-11-1,,,,,,,,,,,,,,,,,,,,,,,
RandomForest,RF-12-1,,,,,,,,,,,,,,,,,,,,,,,
RandomForest,RF-13-1,,,,,,,,,,,,,,,,,,,,,,,
RandomForest,RF-14-1,,,,,,,,,,,,,,,,,,,,,,,
RandomForest,RF-15-1,,,,,,,,,,,,,,,,,,,,,,,
RandomForest,RF-16-1,,,,,,,,,,,,,,,,,,,,,,,
RandomForest,RF-17-1,,,,,,,,,,,,,,,,,,,,,,,
RandomForest,RF-18-1,,,,,,,,,,,,,,,,,,,,,,,
RandomForest,RF-19-1,,,,,,,,,,,,,,,,,,,,,,,
RandomForest,RF-20-1,,,,,,,,,,,,,,,,,,,,,,,
RandomForest,RF-21-1,,,,,,,,,,,,,,,,,,,,,,,
RandomForest,RF-22-1,,,,,,,,,,,,,,,,,,,,,,,
RandomForest,RF-23-1,,,,,,,,,,,,,,,,,,,,,,,
RandomForest,RF-24-1,,,,,,,,,,,,,,,,,,,,,,,
RandomForest,RF-25-1,,,,,,,,,,,,,,,,,,,,,,,
RandomForest,RF-26-1,,,,,,,,,,,,,,,,,,,,,,,
RandomForest,RF-27-1,,,,,,,,,,,,,,,,,,,,,,,
RandomForest,RF-28-1,,,,,,,,,,,,,,,,,,,,,,,
RandomForest,RF-29-1,,,,,,,,,,,,,,,,,,,,,,,
RandomForest,RF-30-1,,,,,,,,,,,,,,,,,,,,,,,
RandomForest,RF-31-1,,,,,,,,,,,,,,,,,,,,,,,
RandomForest,RF-32-1,,,,,,,,,,,,,,,,,,,,,,,
RandomForest,RF-33-1,,,,,,,,,,,,,,,,,,,,,,,
RandomForest,RF-34-1,,,,,,,,,,,,,,,,,,,,,,,
RandomForest,RF-35-1,,,,,,,,,,,,,,,,,,,,,,,
RandomForest,RF-1-2,,,,,,,,,,,,,,,,,,,,,,,
RandomForest,RF-2-2,,,,,,,,,,,,,,,,,,,,,,,
RandomForest,RF-3-2,,,,,,,,,,,,,,,,,,,,,,,
RandomForest,RF-4-2,,,,,,,,,,,,,,,,,,,,,,,
RandomForest,RF-5-2,,,,,,,,,,,,,,,,,,,,,,,
RandomForest,RF-6-2,,,,,,,,,,,,,,,,,,,,,,,
RandomForest,RF-7-2,,,,,,,,,,,,,,,,,,,,,,,
RandomForest,RF-8-2,,,,,,,,,,,,,,,,,,,,,,,
RandomForest,RF-9-2,,,,,,,,,,,,,,,,,,,,,,,
RandomForest,RF-10-2,,,,,,,,,,,,,,,,,,,,,,,
RandomForest,RF-11-2,,,,,,,,,,,,,,,,,,,,,,,
RandomForest,RF-12-2,,,,,,,,,,,,,,,,,,,,,,,
RandomForest,RF-13-2,,,,,,,,,,,,,,,,,,,,,,,
RandomForest,RF-14-2,,,,,,,,,,,,,,,,,,,,,,,
RandomForest,RF-15-2,,,,,,,,,,,,,,,,,,,,,,,
RandomForest,RF-16-2,,,,,,,,,,,,,,,,,,,,,,,
RandomForest,RF-17-2,,,,,,,,,,,,,,,,,,,,,,,
RandomForest,RF-18-2,,,,,,,,,,,,,,,,,,,,,,,
RandomForest,RF-19-2,,,,,,,,,,,,,,,,,,,,,,,
RandomForest,RF-20-2,,,,,,,,,,,,,,,,,,,,,,,
RandomForest,RF-21-2,,,,,,,,,,,,,,,,,,,,,,,
RandomForest,RF-22-2,,,,,,,,,,,,,,,,,,,,,,,
RandomForest,RF-23-2,,,,,,,,,,,,,,,,,,,,,,,
RandomForest,RF-24-2,,,,,,,,,,,,,,,,,,,,,,,
RandomForest,RF-25-2,,,,,,,,,,,,,,,,,,,,,,,
RandomForest,RF-26-2,,,,,,,,,,,,,,,,,,,,,,,
RandomForest,RF-27-2,,,,,,,,,,,,,,,,,,,,,,,
RandomForest,RF-28-2,,,,,,,,,,,,,,,,,,,,,,,
RandomForest,RF-29-2,,,,,,,,,,,,,,,,,,,,,,,
RandomForest,RF-30-2,,,,,,,,,,,,,,,,,,,,,,,
RandomForest,RF-31-2,,,,,,,,,,,,,,,,,,,,,,,
RandomForest,RF-32-2,,,,,,,,,,,,,,,,,,,,,,,
RandomForest,RF-33-2,,,,,,,,,,,,,,,,,,,,,,,
RandomForest,RF-34-2,,,,,,,,,,,,,,,,,,,,,,,
RandomForest,RF-35-2,,,,,,,,,,,,,,,,,,,,,,,
RandomForest,RF-1-3,,,,,,,,,,,,,,,,,,,,,,,
RandomForest,RF-2-3,,,,,,,,,,,,,,,,,,,,,,,
RandomForest,RF-3-3,,,,,,,,,,,,,,,,,,,,,,,
RandomForest,RF-4-3,,,,,,,,,,,,,,,,,,,,,,,
RandomForest,RF-5-3,,,,,,,,,,,,,,,,,,,,,,,
RandomForest,RF-6-3,,,,,,,,,,,,,,,,,,,,,,,
RandomForest,RF-7-3,,,,,,,,,,,,,,,,,,,,,,,
RandomForest,RF-8-3,,,,,,,,,,,,,,,,,,,,,,,
RandomForest,RF-9-3,,,,,,,,,,,,,,,,,,,,,,,
RandomForest,RF-10-3,,,,,,,,,,,,,,,,,,,,,,,
RandomForest,RF-11-3,,,,,,,,,,,,,,,,,,,,,,,
RandomForest,RF-12-3,,,,,,,,,,,,,,,,,,,,,,,
RandomForest,RF-13-3,,,,,,,,,,,,,,,,,,,,,,,
RandomForest,RF-14-3,,,,,,,,,,,,,,,,,,,,,,,
RandomForest,RF-15-3,,,,,,,,,,,,,,,,,,,,,,,
RandomForest,RF-16-3,,,,,,,,,,,,,,,,,,,,,,,
RandomForest,RF-17-3,,,,,,,,,,,,,,,,,,,,,,,
RandomForest,RF-18-3,,,,,,,,,,,,,,,,,,,,,,,
RandomForest,RF-19-3,,,,,,,,,,,,,,,,,,,,,,,
RandomForest,RF-20-3,,,,,,,,,,,,,,,,,,,,,,,
RandomForest,RF-21-3,,,,,,,,,,,,,,,,,,,,,,,
RandomForest,RF-22-3,,,,,,,,,,,,,,,,,,,,,,,
RandomForest,RF-23-3,,,,,,,,,,,,,,,,,,,,,,,
RandomForest,RF-24-3,,,,,,,,,,,,,,,,,,,,,,,
RandomForest,RF-25-3,,,,,,,,,,,,,,,,,,,,,,,
RandomForest,RF-26-3,,,,,,,,,,,,,,,,,,,,,,,
RandomForest,RF-27-3,,,,,,,,,,,,,,,,,,,,,,,
RandomForest,RF-28-3,,,,,,,,,,,,,,,,,,,,,,,
RandomForest,RF-29-3,,,,,,,,,,,,,,,,,,,,,,,
RandomForest,RF-30-3,,,,,,,,,,,,,,,,,,,,,,,
RandomForest,RF-31-3,,,,,,,,,,,,,,,,,,,,,,,
RandomForest,RF-32-3,,,,,,,,,,,,,,,,,,,,,,,
RandomForest,RF-33-3,,,,,,,,,,,,,,,,,,,,,,,
RandomForest,RF-34-3,,,,,,,,,,,,,,,,,,,,,,,
RandomForest,RF-35-3,,,,,,,,,,,,,,,,,,,,,,,
RandomForest,RF-1-4,,,,,,,,,,,,,,,,,,,,,,,
RandomForest,RF-2-4,,,,,,,,,,,,,,,,,,,,,,,
RandomForest,RF-3-4,,,,,,,,,,,,,,,,,,,,,,,
RandomForest,RF-4-4,,,,,,,,,,,,,,,,,,,,,,,
RandomForest,RF-5-4,,,,,,,,,,,,,,,,,,,,,,,
RandomForest,RF-6-4,,,,,,,,,,,,,,,,,,,,,,,
RandomForest,RF-7-4,,,,,,,,,,,,,,,,,,,,,,,
RandomForest,RF-8-4,,,,,,,,,,,,,,,,,,,,,,,
RandomForest,RF-9-4,,,,,,,,,,,,,,,,,,,,,,,
RandomForest,RF-10-4,,,,,,,,,,,,,,,,,,,,,,,
RandomForest,RF-11-4,,,,,,,,,,,,,,,,,,,,,,,
RandomForest,RF-12-4,,,,,,,,,,,,,,,,,,,,,,,
RandomForest,RF-13-4,,,,,,,,,,,,,,,,,,,,,,,
RandomForest,RF-14-4,,,,,,,,,,,,,,,,,,,,,,,
RandomForest,RF-15-4,,,,,,,,,,,,,,,,,,,,,,,
RandomForest,RF-16-4,,,,,,,,,,,,,,,,,,,,,,,
RandomForest,RF-17-4,,,,,,,,,,,,,,,,,,,,,,,
RandomForest,RF-18-4,,,,,,,,,,,,,,,,,,,,,,,
RandomForest,RF-19-4,,,,,,,,,,,,,,,,,,,,,,,
RandomForest,RF-20-4,,,,,,,,,,,,,,,,,,,,,,,
RandomForest,RF-21-4,,,,,,,,,,,,,,,,,,,,,,,
RandomForest,RF-22-4,,,,,,,,,,,,,,,,,,,,,,,
RandomForest,RF-23-4,,,,,,,,,,,,,,,,,,,,,,,
RandomForest,RF-24-4,,,,,,,,,,,,,,,,,,,,,,,
RandomForest,RF-25-4,,,,,,,,,,,,,,,,,,,,,,,
RandomForest,RF-26-4,,,,,,,,,,,,,,,,,,,,,,,
RandomForest,RF-27-4,,,,,,,,,,,,,,,,,,,,,,,
RandomForest,RF-28-4,,,,,,,,,,,,,,,,,,,,,,,
RandomForest,RF-29-4,,,,,,,,,,,,,,,,,,,,,,,
RandomForest,RF-30-4,,,,,,,,,,,,,,,,,,,,,,,
RandomForest,RF-31-4,,,,,,,,,,,,,,,,,,,,,,,
RandomForest,RF-32-4,,,,,,,,,,,,,,,,,,,,,,,
RandomForest,RF-33-4,,,,,,,,,,,,,,,,,,,,,,,
RandomForest,RF-34-4,,,,,,,,,,,,,,,,,,,,,,,
RandomForest,RF-35-4,,,,,,,,,,,,,,,,,,,,,,,
RandomForest,RF-1-5,,,,,,,,,,,,,,,,,,,,,,,
RandomForest,RF-2-5,,,,,,,,,,,,,,,,,,,,,,,
RandomForest,RF-3-5,,,,,,,,,,,,,,,,,,,,,,,
RandomForest,RF-4-5,,,,,,,,,,,,,,,,,,,,,,,
RandomForest,RF-5-5,,,,,,,,,,,,,,,,,,,,,,,
RandomForest,RF-6-5,,,,,,,,,,,,,,,,,,,,,,,
RandomForest,RF-7-5,,,,,,,,,,,,,,,,,,,,,,,
RandomForest,RF-8-5,,,,,,,,,,,,,,,,,,,,,,,
RandomForest,RF-9-5,,,,,,,,,,,,,,,,,,,,,,,
RandomForest,RF-10-5,,,,,,,,,,,,,,,,,,,,,,,
RandomForest,RF-11-5,,,,,,,,,,,,,,,,,,,,,,,
RandomForest,RF-12-5,,,,,,,,,,,,,,,,,,,,,,,
RandomForest,RF-13-5,,,,,,,,,,,,,,,,,,,,,,,
RandomForest,RF-14-5,,,,,,,,,,,,,,,,,,,,,,,
RandomForest,RF-15-5,,,,,,,,,,,,,,,,,,,,,,,
RandomForest,RF-16-5,,,,,,,,,,,,,,,,,,,,,,,
RandomForest,RF-17-5,,,,,,,,,,,,,,,,,,,,,,,
RandomForest,RF-18-5,,,,,,,,,,,,,,,,,,,,,,,
RandomForest,RF-19-5,,,,,,,,,,,,,,,,,,,,,,,
RandomForest,RF-20-5,,,,,,,,,,,,,,,,,,,,,,,
RandomForest,RF-21-5,,,,,,,,,,,,,,,,,,,,,,,
RandomForest,RF-22-5,,,,,,,,,,,,,,,,,,,,,,,
RandomForest,RF-23-5,,,,,,,,,,,,,,,,,,,,,,,
RandomForest,RF-24-5,,,,,,,,,,,,,,,,,,,,,,,
RandomForest,RF-25-5,,,,,,,,,,,,,,,,,,,,,,,
RandomForest,RF-26-5,,,,,,,,,,,,,,,,,,,,,,,
RandomForest,RF-27-5,,,,,,,,,,,,,,,,,,,,,,,
RandomForest,RF-28-5,,,,,,,,,,,,,,,,,,,,,,,
RandomForest,RF-29-5,,,,,,,,,,,,,,,,,,,,,,,
RandomForest,RF-30-5,,,,,,,,,,,,,,,,,,,,,,,
RandomForest,RF-31-5,,,,,,,,,,,,,,,,,,,,,,,
RandomForest,RF-32-5,,,,,,,,,,,,,,,,,,,,,,,
RandomForest,RF-33-5,,,,,,,,,,,,,,,,,,,,,,,
RandomForest,RF-34-5,,,,,,,,,,,,,,,,,,,,,,,
RandomForest,RF-35-5,,,,,,,,,,,,,,,,,,,,,,,
RandomForest,RF-1-6,,,,,,,,,,,,,,,,,,,,,,,
RandomForest,RF-2-6,,,,,,,,,,,,,,,,,,,,,,,
RandomForest,RF-3-6,,,,,,,,,,,,,,,,,,,,,,,
RandomForest,RF-4-6,,,,,,,,,,,,,,,,,,,,,,,
RandomForest,RF-5-6,,,,,,,,,,,,,,,,,,,,,,,
RandomForest,RF-6-6,,,,,,,,,,,,,,,,,,,,,,,
RandomForest,RF-7-6,,,,,,,,,,,,,,,,,,,,,,,
RandomForest,RF-8-6,,,,,,,,,,,,,,,,,,,,,,,
RandomForest,RF-9-6,,,,,,,,,,,,,,,,,,,,,,,
RandomForest,RF-10-6,,,,,,,,,,,,,,,,,,,,,,,
RandomForest,RF-11-6,,,,,,,,,,,,,,,,,,,,,,,
RandomForest,RF-12-6,,,,,,,,,,,,,,,,,,,,,,,
RandomForest,RF-13-6,,,,,,,,,,,,,,,,,,,,,,,
RandomForest,RF-14-6,,,,,,,,,,,,,,,,,,,,,,,
RandomForest,RF-15-6,,,,,,,,,,,,,,,,,,,,,,,
RandomForest,RF-16-6,,,,,,,,,,,,,,,,,,,,,,,
RandomForest,RF-17-6,,,,,,,,,,,,,,,,,,,,,,,
RandomForest,RF-18-6,,,,,,,,,,,,,,,,,,,,,,,
RandomForest,RF-19-6,,,,,,,,,,,,,,,,,,,,,,,
RandomForest,RF-20-6,,,,,,,,,,,,,,,,,,,,,,,
RandomForest,RF-21-6,,,,,,,,,,,,,,,,,,,,,,,
RandomForest,RF-22-6,,,,,,,,,,,,,,,,,,,,,,,
RandomForest,RF-23-6,,,,,,,,,,,,,,,,,,,,,,,
RandomForest,RF-24-6,,,,,,,,,,,,,,,,,,,,,,,
RandomForest,RF-25-6,,,,,,,,,,,,,,,,,,,,,,,
RandomForest,RF-26-6,,,,,,,,,,,,,,,,,,,,,,,
RandomForest,RF-27-6,,,,,,,,,,,,,,,,,,,,,,,
RandomForest,RF-28-6,,,,,,,,,,,,,,,,,,,,,,,
RandomForest,RF-29-6,,,,,,,,,,,,,,,,,,,,,,,
RandomForest,RF-30-6,,,,,,,,,,,,,,,,,,,,,,,
RandomForest,RF-31-6,,,,,,,,,,,,,,,,,,,,,,,
RandomForest,RF-32-6,,,,,,,,,,,,,,,,,,,,,,,
RandomForest,RF-33-6,,,,,,,,,,,,,,,,,,,,,,,
RandomForest,RF-34-6,,,,,,,,,,,,,,,,,,,,,,,
RandomForest,RF-35-6,,,,,,,,,,,,,,,,,,,,,,,
RandomForest,RF-1-7,,,,,,,,,,,,,,,,,,,,,,,
RandomForest,RF-2-7,,,,,,,,,,,,,,,,,,,,,,,
RandomForest,RF-3-7,,,,,,,,,,,,,,,,,,,,,,,
RandomForest,RF-4-7,,,,,,,,,,,,,,,,,,,,,,,
RandomForest,RF-5-7,,,,,,,,,,,,,,,,,,,,,,,
RandomForest,RF-6-7,,,,,,,,,,,,,,,,,,,,,,,
RandomForest,RF-7-7,,,,,,,,,,,,,,,,,,,,,,,
RandomForest,RF-8-7,,,,,,,,,,,,,,,,,,,,,,,
RandomForest,RF-9-7,,,,,,,,,,,,,,,,,,,,,,,
RandomForest,RF-10-7,,,,,,,,,,,,,,,,,,,,,,,
RandomForest,RF-11-7,,,,,,,,,,,,,,,,,,,,,,,
RandomForest,RF-12-7,,,,,,,,,,,,,,,,,,,,,,,
RandomForest,RF-13-7,,,,,,,,,,,,,,,,,,,,,,,
RandomForest,RF-14-7,,,,,,,,,,,,,,,,,,,,,,,
RandomForest,RF-15-7,,,,,,,,,,,,,,,,,,,,,,,
RandomForest,RF-16-7,,,,,,,,,,,,,,,,,,,,,,,
RandomForest,RF-17-7,,,,,,,,,,,,,,,,,,,,,,,
RandomForest,RF-18-7,,,,,,,,,,,,,,,,,,,,,,,
RandomForest,RF-19-7,,,,,,,,,,,,,,,,,,,,,,,
RandomForest,RF-20-7,,,,,,,,,,,,,,,,,,,,,,,
RandomForest,RF-21-7,,,,,,,,,,,,,,,,,,,,,,,
RandomForest,RF-22-7,,,,,,,,,,,,,,,,,,,,,,,
RandomForest,RF-23-7,,,,,,,,,,,,,,,,,,,,,,,
RandomForest,RF-24-7,,,,,,,,,,,,,,,,,,,,,,,
RandomForest,RF-25-7,,,,,,,,,,,,,,,,,,,,,,,
RandomForest,RF-26-7,,,,,,,,,,,,,,,,,,,,,,,
RandomForest,RF-27-7,,,,,,,,,,,,,,,,,,,,,,,
RandomForest,RF-28-7,,,,,,,,,,,,,,,,,,,,,,,
RandomForest,RF-29-7,,,,,,,,,,,,,,,,,,,,,,,
RandomForest,RF-30-7,,,,,,,,,,,,,,,,,,,,,,,
RandomForest,RF-31-7,,,,,,,,,,,,,,,,,,,,,,,
RandomForest,RF-32-7,,,,,,,,,,,,,,,,,,,,,,,
RandomForest,RF-33-7,,,,,,,,,,,,,,,,,,,,,,,
RandomForest,RF-34-7,,,,,,,,,,,,,,,,,,,,,,,
RandomForest,RF-35-7,,,,,,,,,,,,,,,,,,,,,,,
RandomForest,RF-1-8,,,,,,,,,,,,,,,,,,,,,,,
RandomForest,RF-2-8,,,,,,,,,,,,,,,,,,,,,,,
RandomForest,RF-3-8,,,,,,,,,,,,,,,,,,,,,,,
RandomForest,RF-4-8,,,,,,,,,,,,,,,,,,,,,,,
RandomForest,RF-5-8,,,,,,,,,,,,,,,,,,,,,,,
RandomForest,RF-6-8,,,,,,,,,,,,,,,,,,,,,,,
RandomForest,RF-7-8,,,,,,,,,,,,,,,,,,,,,,,
RandomForest,RF-8-8,,,,,,,,,,,,,,,,,,,,,,,
RandomForest,RF-9-8,,,,,,,,,,,,,,,,,,,,,,,
RandomForest,RF-10-8,,,,,,,,,,,,,,,,,,,,,,,
RandomForest,RF-11-8,,,,,,,,,,,,,,,,,,,,,,,
RandomForest,RF-12-8,,,,,,,,,,,,,,,,,,,,,,,
RandomForest,RF-13-8,,,,,,,,,,,,,,,,,,,,,,,
RandomForest,RF-14-8,,,,,,,,,,,,,,,,,,,,,,,
RandomForest,RF-15-8,,,,,,,,,,,,,,,,,,,,,,,
RandomForest,RF-16-8,,,,,,,,,,,,,,,,,,,,,,,
RandomForest,RF-17-8,,,,,,,,,,,,,,,,,,,,,,,
RandomForest,RF-18-8,,,,,,,,,,,,,,,,,,,,,,,
RandomForest,RF-19-8,,,,,,,,,,,,,,,,,,,,,,,
RandomForest,RF-20-8,,,,,,,,,,,,,,,,,,,,,,,
RandomForest,RF-21-8,,,,,,,,,,,,,,,,,,,,,,,
RandomForest,RF-22-8,,,,,,,,,,,,,,,,,,,,,,,
RandomForest,RF-23-8,,,,,,,,,,,,,,,,,,,,,,,
RandomForest,RF-24-8,,,,,,,,,,,,,,,,,,,,,,,
RandomForest,RF-25-8,,,,,,,,,,,,,,,,,,,,,,,
RandomForest,RF-26-8,,,,,,,,,,,,,,,,,,,,,,,
RandomForest,RF-27-8,,,,,,,,,,,,,,,,,,,,,,,
RandomForest,RF-28-8,,,,,,,,,,,,,,,,,,,,,,,
RandomForest,RF-29-8,,,,,,,,,,,,,,,,,,,,,,,
RandomForest,RF-30-8,,,,,,,,,,,,,,,,,,,,,,,
RandomForest,RF-31-8,,,,,,,,,,,,,,,,,,,,,,,
RandomForest,RF-32-8,,,,,,,,,,,,,,,,,,,,,,,
RandomForest,RF-33-8,,,,,,,,,,,,,,,,,,,,,,,
RandomForest,RF-34-8,,,,,,,,,,,,,,,,,,,,,,,
RandomForest,RF-35-8,,,,,,,,,,,,,,,,,,,,,,,
RandomForest,RF-1-9,,,,,,,,,,,,,,,,,,,,,,,
RandomForest,RF-2-9,,,,,,,,,,,,,,,,,,,,,,,
RandomForest,RF-3-9,,,,,,,,,,,,,,,,,,,,,,,
RandomForest,RF-4-9,,,,,,,,,,,,,,,,,,,,,,,
RandomForest,RF-5-9,,,,,,,,,,,,,,,,,,,,,,,
RandomForest,RF-6-9,,,,,,,,,,,,,,,,,,,,,,,
RandomForest,RF-7-9,,,,,,,,,,,,,,,,,,,,,,,
RandomForest,RF-8-9,,,,,,,,,,,,,,,,,,,,,,,
RandomForest,RF-9-9,,,,,,,,,,,,,,,,,,,,,,,
RandomForest,RF-10-9,,,,,,,,,,,,,,,,,,,,,,,
RandomForest,RF-11-9,,,,,,,,,,,,,,,,,,,,,,,
RandomForest,RF-12-9,,,,,,,,,,,,,,,,,,,,,,,
RandomForest,RF-13-9,,,,,,,,,,,,,,,,,,,,,,,
RandomForest,RF-14-9,,,,,,,,,,,,,,,,,,,,,,,
RandomForest,RF-15-9,,,,,,,,,,,,,,,,,,,,,,,
RandomForest,RF-16-9,,,,,,,,,,,,,,,,,,,,,,,
RandomForest,RF-17-9,,,,,,,,,,,,,,,,,,,,,,,
RandomForest,RF-18-9,,,,,,,,,,,,,,,,,,,,,,,
RandomForest,RF-19-9,,,,,,,,,,,,,,,,,,,,,,,
RandomForest,RF-20-9,,,,,,,,,,,,,,,,,,,,,,,
RandomForest,RF-21-9,,,,,,,,,,,,,,,,,,,,,,,
RandomForest,RF-22-9,,,,,,,,,,,,,,,,,,,,,,,
RandomForest,RF-23-9,,,,,,,,,,,,,,,,,,,,,,,
RandomForest,RF-24-9,,,,,,,,,,,,,,,,,,,,,,,
RandomForest,RF-25-9,,,,,,,,,,,,,,,,,,,,,,,
RandomForest,RF-26-9,,,,,,,,,,,,,,,,,,,,,,,
RandomForest,RF-27-9,,,,,,,,,,,,,,,,,,,,,,,
RandomForest,RF-28-9,,,,,,,,,,,,,,,,,,,,,,,
RandomForest,RF-29-9,,,,,,,,,,,,,,,,,,,,,,,
RandomForest,RF-30-9,,,,,,,,,,,,,,,,,,,,,,,
RandomForest,RF-31-9,,,,,,,,,,,,,,,,,,,,,,,
RandomForest,RF-32-9,,,,,,,,,,,,,,,,,,,,,,,
RandomForest,RF-33-9,,,,,,,,,,,,,,,,,,,,,,,
RandomForest,RF-34-9,,,,,,,,,,,,,,,,,,,,,,,
RandomForest,RF-35-9,,,,,,,,,,,,,,,,,,,,,,,
RandomForest,RF-1-10,,,,,,,,,,,,,,,,,,,,,,,
RandomForest,RF-2-10,,,,,,,,,,,,,,,,,,,,,,,
RandomForest,RF-3-10,,,,,,,,,,,,,,,,,,,,,,,
RandomForest,RF-4-10,,,,,,,,,,,,,,,,,,,,,,,
RandomForest,RF-5-10,,,,,,,,,,,,,,,,,,,,,,,
RandomForest,RF-6-10,,,,,,,,,,,,,,,,,,,,,,,
RandomForest,RF-7-10,,,,,,,,,,,,,,,,,,,,,,,
RandomForest,RF-8-10,,,,,,,,,,,,,,,,,,,,,,,
RandomForest,RF-9-10,,,,,,,,,,,,,,,,,,,,,,,
RandomForest,RF-10-10,,,,,,,,,,,,,,,,,,,,,,,
RandomForest,RF-11-10,,,,,,,,,,,,,,,,,,,,,,,
RandomForest,RF-12-10,,,,,,,,,,,,,,,,,,,,,,,
RandomForest,RF-13-10,,,,,,,,,,,,,,,,,,,,,,,
RandomForest,RF-14-10,,,,,,,,,,,,,,,,,,,,,,,
RandomForest,RF-15-10,,,,,,,,,,,,,,,,,,,,,,,
RandomForest,RF-16-10,,,,,,,,,,,,,,,,,,,,,,,
RandomForest,RF-17-10,,,,,,,,,,,,,,,,,,,,,,,
RandomForest,RF-18-10,,,,,,,,,,,,,,,,,,,,,,,
RandomForest,RF-19-10,,,,,,,,,,,,,,,,,,,,,,,
RandomForest,RF-20-10,,,,,,,,,,,,,,,,,,,,,,,
RandomForest,RF-21-10,,,,,,,,,,,,,,,,,,,,,,,
RandomForest,RF-22-10,,,,,,,,,,,,,,,,,,,,,,,
RandomForest,RF-23-10,,,,,,,,,,,,,,,,,,,,,,,
RandomForest,RF-24-10,,,,,,,,,,,,,,,,,,,,,,,
RandomForest,RF-25-10,,,,,,,,,,,,,,,,,,,,,,,
RandomForest,RF-26-10,,,,,,,,,,,,,,,,,,,,,,,
RandomForest,RF-27-10,,,,,,,,,,,,,,,,,,,,,,,
RandomForest,RF-28-10,,,,,,,,,,,,,,,,,,,,,,,
RandomForest,RF-29-10,,,,,,,,,,,,,,,,,,,,,,,
RandomForest,RF-30-10,,,,,,,,,,,,,,,,,,,,,,,
RandomForest,RF-31-10,,,,,,,,,,,,,,,,,,,,,,,
RandomForest,RF-32-10,,,,,,,,,,,,,,,,,,,,,,,
RandomForest,RF-33-10,,,,,,,,,,,,,,,,,,,,,,,
RandomForest,RF-34-10,,,,,,,,,,,,,,,,,,,,,,,
RandomForest,RF-35-10,,,,,,,,,,,,,,,,,,,,,,,
